date,time,ai,cost,input_tokens,output_tokens
2026-03-03,10:49:00,openai,0.000000,98,59
2026-03-03,10:49:02,openai,0.000000,98,60
2026-03-03,10:49:04,openai,0.000000,97,54
2026-03-03,10:49:05,openai,0.000000,99,55
2026-03-03,10:49:06,openai,0.000000,99,59
2026-03-03,10:49:08,openai,0.000000,96,57
2026-03-03,10:49:09,openai,0.000000,94,55
2026-03-03,10:49:10,openai,0.000000,97,58
2026-03-03,10:49:12,openai,0.000000,94,56
2026-03-03,10:49:13,openai,0.000000,96,58
2026-03-03,10:49:15,openai,0.000000,95,59
2026-03-03,10:49:16,openai,0.000000,97,55
2026-03-03,10:49:17,openai,0.000000,97,55
2026-03-03,10:49:18,openai,0.000000,94,53
2026-03-03,10:49:19,openai,0.000000,106,53
2026-03-03,10:49:21,openai,0.000000,97,53
2026-03-03,10:49:22,openai,0.000000,105,55
2026-03-03,10:49:23,openai,0.000000,105,57
2026-03-03,10:49:25,openai,0.000000,99,57
2026-03-03,10:49:26,openai,0.000000,101,52
2026-03-03,10:49:27,openai,0.000000,98,59
2026-03-03,10:49:28,openai,0.000000,99,53
2026-03-03,10:49:36,openai,0.000000,116,427
2026-03-03,10:49:41,openai,0.000000,118,422
2026-03-03,10:49:48,openai,0.000000,113,430
